feature,importance
distance,25.766634376336373
haversine_dist,25.465694127782104
quote_rate,13.682271142868201
lane_mean_rpm,9.727783043371591
market_quote_rate,7.864061566645935
quote_signal,2.7616666947486053
equipment_mean_rpm,1.6157330444547104
weight_per_mile,1.5306769295821308
weight,1.2279766197360453
equipment_Dry Van,1.2203369329522646
cos_dayofyear,1.1259079779643375
circuitousness,0.9702926720384139
weight_ton,0.8999549727442286
equipment_Reefer,0.7274107793720042
sin_dayofyear,0.5794736096693501
dayofyear,0.5693354591978937
mid_lon,0.5279257819926636
market_index,0.4922001226019171
mid_lat,0.3915180400128147
cos_month,0.39132266751860506
month,0.33541606554502945
delivery_mean_rpm,0.317511667105872
sin_dayofweek,0.24804557654617695
pickup_lon,0.20810641806444327
cos_dayofweek,0.2030485142458588
pickup_mean_rpm,0.19422136436330592
delivery_lat,0.18742370631906466
sin_month,0.15397333731631835
dayofweek,0.15325071915221572
bearing,0.11161958481581376
delivery_lon,0.09938154740075808
quarter,0.07819320654444899
equipment_Flatbed,0.0779380474220464
pickup_lat,0.07242535716163641
is_weekend,0.021268326406857954
